alpha,acc_val,acc_test
0.1,1.0,1.0
0.2,1.0,1.0
0.3,1.0,1.0
0.4,1.0,1.0
0.5,1.0,1.0
0.6,1.0,1.0
0.7,1.0,1.0
0.8,1.0,1.0
0.9,0.9958333333333333,0.9991666666666666
