b,acc_val,acc_test
1.0,1.0,0.7816666666666666
2.0,1.0,0.8233333333333334
4.0,1.0,0.8483333333333334
6.0,1.0,0.85
8.0,1.0,0.8775
10.0,1.0,0.7725
12.0,1.0,0.87
