alpha,acc_val,acc_test
0.1,1.0,0.8775
0.2,1.0,0.8733333333333333
0.3,1.0,0.8525
0.4,1.0,0.8283333333333334
0.5,1.0,0.8125
0.6,1.0,0.7966666666666666
0.7,1.0,0.7641666666666667
0.8,1.0,0.7225
0.9,0.9958333333333333,0.6858333333333333
