train_load,test_load,acc,is_same
3,2,0.9341666666666668,False
2,3,0.8966666666666666,False
1,2,0.8075,False
3,0,0.7533333333333333,False
2,0,0.6866666666666666,False
