train_load,0,1,2,3
0,1.0,0.6283333333333333,0.6408333333333334,0.6358333333333334
1,0.6741666666666667,1.0,0.8075,0.6858333333333333
2,0.6866666666666666,0.6291666666666667,1.0,0.8966666666666666
3,0.7533333333333333,0.5691666666666667,0.9341666666666668,0.9983333333333332
