train_load,test_load,acc,is_same
3,1,0.5691666666666667,False
0,1,0.6283333333333333,False
2,1,0.6291666666666667,False
0,3,0.6358333333333334,False
0,2,0.6408333333333334,False
