b,acc_val,acc_test
1.0,1.0,0.7258333333333333
2.0,1.0,0.7516666666666667
4.0,1.0,0.7408333333333333
6.0,1.0,0.7175
8.0,1.0,0.7983333333333333
10.0,1.0,0.7916666666666666
12.0,1.0,0.7891666666666667
