alpha,acc_val,acc_test
0.1,1.0,0.7408333333333333
0.2,1.0,0.7791666666666667
0.3,1.0,0.7983333333333333
0.4,1.0,0.7966666666666666
0.5,1.0,0.79
0.6,1.0,0.7533333333333333
0.7,1.0,0.7133333333333334
0.8,1.0,0.6658333333333334
0.9,1.0,0.6216666666666667
