b,acc_val,acc_test
1.0,1.0,0.8708333333333333
2.0,1.0,0.8791666666666667
4.0,1.0,0.885
6.0,1.0,0.8791666666666667
8.0,1.0,0.8566666666666667
10.0,1.0,0.8941666666666667
12.0,1.0,0.8658333333333333
