alpha,acc_val,acc_test
0.1,1.0,0.8425
0.2,1.0,0.8691666666666666
0.3,1.0,0.8833333333333333
0.4,1.0,0.8933333333333333
0.5,1.0,0.8941666666666667
0.6,1.0,0.8941666666666667
0.7,1.0,0.8916666666666667
0.8,1.0,0.8741666666666666
0.9,0.9958333333333333,0.8483333333333334
