b,acc_val,acc_test
1.0,1.0,0.9741666666666666
2.0,1.0,0.9458333333333333
4.0,1.0,0.9333333333333333
6.0,1.0,0.9275
8.0,1.0,0.9891666666666666
10.0,1.0,1.0
12.0,1.0,0.9833333333333333
