b,acc_val,acc_test
1.0,1.0,0.6408333333333334
2.0,1.0,0.635
4.0,1.0,0.635
6.0,1.0,0.6241666666666666
8.0,1.0,0.6733333333333333
10.0,1.0,0.7541666666666667
12.0,1.0,0.6558333333333334
