alpha,acc_val,acc_test
0.1,1.0,0.5691666666666667
0.2,1.0,0.5775
0.3,1.0,0.6041666666666666
0.4,1.0,0.7016666666666667
0.5,1.0,0.735
0.6,1.0,0.7541666666666667
0.7,1.0,0.6875
0.8,1.0,0.6833333333333333
0.9,1.0,0.6625
