b,acc_val,acc_test
1.0,1.0,0.9983333333333333
2.0,1.0,1.0
4.0,1.0,1.0
6.0,1.0,1.0
8.0,1.0,1.0
10.0,1.0,1.0
12.0,1.0,0.9991666666666666
