b,acc_val,acc_test
1.0,1.0,0.9783333333333334
2.0,1.0,0.9975
4.0,1.0,0.9983333333333333
6.0,1.0,0.9966666666666667
8.0,1.0,0.9983333333333333
10.0,1.0,0.9983333333333333
12.0,1.0,0.9975
