alpha,acc_val,acc_test
0.1,1.0,0.9933333333333333
0.2,1.0,0.9966666666666667
0.3,1.0,0.9966666666666667
0.4,1.0,0.9966666666666667
0.5,1.0,0.9966666666666667
0.6,1.0,0.9975
0.7,1.0,0.9983333333333333
0.8,1.0,0.9958333333333333
0.9,1.0,0.9816666666666667
