b,acc_val,acc_test
1.0,1.0,0.8433333333333334
2.0,1.0,0.8591666666666666
4.0,1.0,0.85
6.0,1.0,0.8875
8.0,1.0,0.8933333333333333
10.0,1.0,0.9633333333333334
12.0,1.0,0.8791666666666667
