alpha,acc_val,acc_test
0.1,1.0,0.8883333333333333
0.2,1.0,0.9408333333333333
0.3,1.0,0.9591666666666666
0.4,1.0,0.9633333333333334
0.5,1.0,0.9475
0.6,1.0,0.925
0.7,1.0,0.8925
0.8,1.0,0.8633333333333333
0.9,1.0,0.8275
