b,acc_val,acc_test
1.0,1.0,0.8425
2.0,1.0,0.8525
4.0,1.0,0.8416666666666667
6.0,1.0,0.8716666666666667
8.0,1.0,0.9016666666666666
10.0,1.0,0.8758333333333334
12.0,1.0,0.9
