alpha,acc_val,acc_test
0.1,1.0,0.8633333333333333
0.2,1.0,0.8975
0.3,1.0,0.9008333333333334
0.4,1.0,0.9016666666666666
0.5,1.0,0.9016666666666666
0.6,1.0,0.875
0.7,1.0,0.8341666666666666
0.8,1.0,0.815
0.9,1.0,0.7766666666666666
