b,acc_val,acc_test
1.0,1.0,0.8083333333333333
2.0,1.0,0.8191666666666667
4.0,1.0,0.795
6.0,1.0,0.7858333333333334
8.0,1.0,0.7858333333333334
10.0,1.0,0.855
12.0,1.0,0.7841666666666667
