alpha,acc_val,acc_test
0.1,1.0,0.7341666666666666
0.2,1.0,0.7675
0.3,1.0,0.7991666666666667
0.4,1.0,0.8225
0.5,1.0,0.8466666666666667
0.6,1.0,0.855
0.7,1.0,0.8191666666666667
0.8,1.0,0.8083333333333333
0.9,1.0,0.7591666666666667
