b,acc_val,acc_test
1.0,1.0,0.7733333333333333
2.0,1.0,0.775
4.0,1.0,0.775
6.0,1.0,0.7716666666666666
8.0,1.0,0.805
10.0,1.0,0.8166666666666667
12.0,1.0,0.7983333333333333
