alpha,acc_val,acc_test
0.1,1.0,0.7058333333333333
0.2,1.0,0.7366666666666667
0.3,1.0,0.765
0.4,1.0,0.7833333333333333
0.5,1.0,0.7925
0.6,1.0,0.8066666666666666
0.7,1.0,0.8166666666666667
0.8,1.0,0.8141666666666667
0.9,1.0,0.7941666666666667
