b,acc_val,acc_test
1.0,1.0,0.7991666666666667
2.0,1.0,0.78
4.0,1.0,0.7825
6.0,1.0,0.77
8.0,1.0,0.7558333333333334
10.0,1.0,0.7808333333333334
12.0,1.0,0.7716666666666666
