alpha,acc_val,acc_test
0.1,1.0,0.7541666666666667
0.2,1.0,0.79
0.3,1.0,0.7975
0.4,1.0,0.7991666666666667
0.5,1.0,0.7991666666666667
0.6,1.0,0.7966666666666666
0.7,1.0,0.7858333333333334
0.8,1.0,0.7783333333333333
0.9,1.0,0.7675
